"DESCRIPTION","DURATION IN MS","NAME","PARENT SUITE","START TIME","STATUS","STOP TIME","SUB SUITE","SUITE","TEST CLASS","TEST METHOD"
"üß† An√°lise da IA:
Este erro de teste indica que o sistema sob teste n√£o conseguiu exibir os resultados de uma busca por ""cimento"" (sem sugest√µes) com a sugest√£o da IA dentro do tempo limite de 10 segundos.

Vamos analisar o erro de maneira mais detalhada:

1. **Timed out retrying after 10000ms**: O teste tentou buscar o elemento `.search-item` por 10 segundos (10.000 milissegundos), mas n√£o conseguiu encontr√°-lo.

2. **Expected to find element: `.search-item`, but never found it**: O teste estava esperando encontrar um elemento com a classe `.search-item`, que provavelmente representa um item de resultado da busca. No entanto, esse elemento nunca foi localizado dentro do tempo limite.

Algumas poss√≠veis causas desse erro:

- **Problema na l√≥gica de busca**: A funcionalidade de busca por ""cimento"" (sem sugest√µes) com a sugest√£o da IA pode n√£o estar implementada corretamente, fazendo com que nenhum resultado seja exibido.
- **Problema de desempenho**: A busca pode estar demorando muito para processar e retornar os resultados, excedendo o tempo limite de 10 segundos.
- **C√≥digo de teste incorreto**: O seletor CSS `.search-item` pode estar incorreto, n√£o correspondendo ao elemento real na p√°gina.
- **Problema de sincroniza√ß√£o**: Pode haver um problema de sincroniza√ß√£o entre a a√ß√£o de busca e a exibi√ß√£o dos resultados, fazendo com que o teste tente encontrar o elemento antes dele ser carregado na p√°gina.

Para resolver esse problema, algumas a√ß√µes podem ser tomadas:

1. **Verificar a l√≥gica de busca**: Analisar o c√≥digo da funcionalidade de busca para entender por que nenhum resultado est√° sendo exibido.
2. **Ajustar o tempo limite**: Aumentar o tempo limite do teste para permitir que a busca tenha mais tempo para processar e retornar os resultados.
3. **Melhorar a sele√ß√£o de elementos**: Verificar se o seletor CSS `.search-item` est√° correto e, se necess√°rio, ajust√°-lo para encontrar os elementos corretamente.
4. **Implementar esperas adequadas**: Adicionar esperas expl√≠citas (por exemplo, `waitUntil()`) para garantir que o teste aguarde at√© que os resultados da busca sejam carregados na p√°gina.
5. **Depurar o processo de busca**: Usar ferramentas de depura√ß√£o, como o console do navegador, para entender o que est√° acontecendo durante o processo de busca e identificar poss√≠veis gargalos.

Essas a√ß√µes podem ajudar a identificar e resolver o problema, garantindo que o teste funcione corretamente.","14937","Deve [FALHAR] ao buscar por cimento (sem sugest√µes) com sugest√£o IA","","Thu Jul 24 21:21:50 UTC 2025","failed","Thu Jul 24 21:22:05 UTC 2025","","Busca de produtos - Loja da Constru√ß√£o","",""
"","2971","Deve [SUCESSO] buscar por cimento e validar produto Tocantins no DOM","","Thu Jul 24 21:22:05 UTC 2025","passed","Thu Jul 24 21:22:08 UTC 2025","","Busca de produtos - Loja da Constru√ß√£o","",""
